,mean_R,mean_G,mean_B,std_R,std_G,std_B,brightness
AAAGTGTGATTTATCT-1,201.265625,187.759765625,220.9326171875,30.905124315950825,29.71099238825705,12.817390476188185,203.3193359375
AAAGTTGACTCCCGTA-1,187.7685546875,173.896484375,214.4560546875,23.550190490308605,28.657170571087107,14.713873344891523,192.04036458333334
AACACACGCTCGCCGC-1,194.2880859375,181.853515625,219.53515625,18.048437828663033,17.32434238875695,7.8589080611167565,198.55891927083334
AACCCTACTGTCAATA-1,189.84765625,177.244140625,214.7841796875,29.60759368611093,34.63922548542656,20.3864352427101,193.95865885416666
AACCGCTAAGGGATGC-1,223.81640625,210.3486328125,229.8896484375,18.1464174208013,14.931632545523893,8.567433015212538,221.3515625
AACGGACGTACGTATA-1,206.794921875,193.2783203125,223.2568359375,27.035403105699135,24.830001673704132,10.558128355144603,207.77669270833334
AACTCTCAATAGAGCG-1,176.7763671875,161.8896484375,211.326171875,15.653592217209228,15.045780732323392,6.929969067965526,183.33072916666666
AAGGTGATAAACCAGC-1,221.9443359375,205.5537109375,228.1455078125,18.722370975644242,14.60218057809151,8.398597779629732,218.5478515625
AATAGAATCTGTTTCA-1,234.576171875,210.263671875,231.6669921875,13.460592751452626,23.39001040011171,14.491223244064455,225.50227864583334
AATCGCCTCAGCGCCA-1,220.9287109375,197.5341796875,221.9765625,22.545695696342303,22.41095234196803,14.74494873451901,213.47981770833334
AATCTGCGTTGGGACG-1,191.505859375,183.501953125,218.1279296875,21.292695271330132,24.10025439306197,11.475782976884677,197.7119140625
ACACACCAGGACCAGT-1,222.060546875,204.3046875,227.5888671875,19.446497266884023,16.000089645134608,9.53795425513175,217.98470052083334
ACAGGCTTGCCCGACT-1,227.6845703125,208.3125,227.7490234375,16.43860251206725,18.270001881499628,11.73754738340066,221.24869791666666
ACCAGTGCGGGAGACG-1,190.767578125,177.962890625,218.080078125,21.72063129427921,21.72269725469853,9.449776452059407,195.603515625
ACCCAACGCCCGTGGC-1,210.2099609375,201.814453125,227.103515625,44.36571049771686,48.32483617258498,25.714155637321262,213.04264322916666
ACCGATGGTAGCATCG-1,184.3369140625,163.7734375,212.1474609375,27.795373319619035,25.596314689493756,11.421468161292209,186.75260416666666
ACCGGGCCTTTGTTGA-1,189.5126953125,166.68359375,209.81640625,29.758104118106054,43.445811753953464,22.908136100192895,188.6708984375
ACGCCGCTAGACGACC-1,234.3740234375,201.5048828125,222.7607421875,16.335883295086944,34.32214652062341,25.98700813169261,219.54654947916666
ACGTATTACTCCGATC-1,210.6015625,201.880859375,226.3828125,37.52519254692231,44.24286516503508,24.54846007573273,212.955078125
ACGTTAATGTCGAAGA-1,226.05859375,186.1416015625,208.5244140625,13.82862761710145,34.44269566882066,24.6967029849847,206.908203125
ACTTATACTTACCCGG-1,206.166015625,175.640625,217.0673828125,27.92358044847143,23.240290101123414,11.55727713906176,199.62467447916666
ACTTATTTATGTGCCA-1,225.837890625,208.6767578125,229.033203125,16.999399398965163,15.552959137274174,9.283557746224787,221.1826171875
ACTTGACTCCCTCTTT-1,235.732421875,206.623046875,226.0673828125,15.477008010175012,30.975489555720547,23.63335563603018,222.8076171875
AGAAGAGCGCCGTTCC-1,212.0849609375,175.5615234375,214.80078125,22.794505068691425,20.10043444472378,12.890212469724789,200.81575520833334
AGCAACATATCTTATT-1,210.2294921875,195.39453125,224.076171875,27.947828581096896,26.802456768788442,11.773250707449451,209.90006510416666
AGCATATCAATATGCT-1,199.470703125,179.900390625,217.181640625,28.298201430357995,38.5802967422804,18.945651474899183,198.85091145833334
AGGACAGTCGAATCCC-1,228.701171875,201.35546875,225.107421875,15.263779590150959,23.202501241089795,15.761224410424829,218.38802083333334
AGGATATAGGGATTTA-1,190.091796875,177.8564453125,217.509765625,20.026383259558884,19.888946989828213,8.597323253930165,195.15266927083334
AGGGTGCTCTCGAGGG-1,196.685546875,184.220703125,219.107421875,28.015563930736388,26.257962354410047,11.41554345687368,200.00455729166666
AGGGTTCCCTTTGGTT-1,177.1357421875,164.9677734375,211.4658203125,17.051854847670757,17.328341593648524,9.861581256267293,184.52311197916666
AGGTTTCACACACCTT-1,236.150390625,217.6181640625,228.6416015625,10.467716359594013,19.57900916171024,15.38825228453503,227.47005208333334
AGTACTCTTATGCCCA-1,176.328125,161.6123046875,205.896484375,34.26179869197435,34.04760403878907,19.687624685710077,181.27897135416666
AGTCAAGATGACACTT-1,226.9580078125,209.9560546875,229.7763671875,14.560930519499397,12.958204389382399,7.780169860142729,222.23014322916666
AGTCGACGGTCTCAAG-1,217.111328125,188.5810546875,221.74609375,20.764380102680263,16.97848110882226,10.605219840541304,209.14615885416666
AGTGAGACTTCCAGTA-1,219.1220703125,197.1376953125,222.806640625,24.098871480866197,26.197708052202113,15.966080832568135,213.02213541666666
AGTGATTCAAGCAGGA-1,224.029296875,211.234375,228.544921875,18.056419853977566,16.67836096891343,10.52980950801801,221.26953125
AGTGCTTGCACGAATA-1,225.6640625,196.9091796875,226.3515625,12.714811947924899,13.539603141648481,8.86671254234588,216.30826822916666
AGTTCCTATTTATGTT-1,229.2880859375,195.1689453125,217.599609375,15.81231517457563,31.581055382046436,23.19840208338523,214.01888020833334
ATACGCCGGCGAAACC-1,232.58984375,206.724609375,227.98046875,10.938827346913651,19.49299603392619,12.859882256664461,222.431640625
ATACGTCCACTCCTGT-1,197.666015625,182.6630859375,218.9384765625,30.892040106429615,30.26169654822726,13.122809490697417,199.755859375
ATCGACCCAATACAGA-1,234.416015625,207.9052734375,226.583984375,14.271186872497882,28.223400978901477,20.164237209717502,222.96842447916666
ATGACTATGCGACATT-1,228.6474609375,200.4375,226.9453125,10.270070546101989,14.163181250164103,9.227429044828455,218.6767578125
ATGCCATTTGCGACCA-1,229.109375,206.8212890625,229.5576171875,12.486154441395277,13.98891497180242,8.751819040045595,221.82942708333334
ATGGGCCTCGGCCTCT-1,221.8564453125,208.4375,229.0458984375,20.881312141223233,16.233946397133383,8.902622220218886,219.77994791666666
ATGGTCGCGTGGTTTC-1,230.837890625,211.275390625,231.3349609375,26.013538577066694,30.123222520236148,19.200222481988305,224.48274739583334
CAAGATATTATAACGT-1,226.0009765625,206.40625,229.1240234375,16.682729860811918,14.444499115147607,8.326189914928117,220.51041666666666
CAAGGATCGCATGTTC-1,236.67578125,220.14453125,229.744140625,11.488970567555148,21.50886920476698,16.86211790835376,228.85481770833334
CAAGTGTGGTTGCAAA-1,187.8232421875,172.001953125,215.7666015625,22.13446581664487,23.357279297583073,9.510336573006896,191.86393229166666
CACACGCGCTGTCTTA-1,211.287109375,198.376953125,224.7998046875,30.334296123888997,31.09638016661349,13.644122187753707,211.48795572916666
CACGTTTCGTACACAC-1,190.7275390625,171.8837890625,212.8486328125,23.626384371609564,28.121235353919026,15.274363801384604,191.81998697916666
CAGTCTGTATACTGGG-1,232.41015625,206.5830078125,222.681640625,13.542386236390762,26.38863954816663,20.05729622066119,220.55826822916666
CAGTGTCGGCTGGCCC-1,192.583984375,163.306640625,196.8359375,27.74853559874387,39.248030837891726,40.04526781182882,184.2421875
CATAACGGACAGTCGT-1,178.626953125,159.8076171875,210.9267578125,18.9079156315299,18.36413104848565,8.172428090504695,183.12044270833334
CATCATTACCCTGAGG-1,184.6630859375,160.3798828125,200.578125,22.805237813427638,36.04761967677293,35.433969042563874,181.87369791666666
CATCCTCTCAAAGATC-1,166.751953125,120.0380859375,151.271484375,31.95475616395473,48.96492600983754,61.4455625379826,146.0205078125
CATGTAAGAGACATTT-1,187.5234375,161.5634765625,205.828125,22.765393090359623,25.67262864123994,22.067539925405708,184.9716796875
CCACAGTACCCATCCT-1,204.1767578125,190.255859375,221.919921875,30.88870847677546,31.183318933850266,13.67241726045166,205.45084635416666
CCCAAACATGCTGCTC-1,221.4541015625,203.2587890625,225.9140625,19.344478044998656,18.12021544873654,10.690991639978668,216.87565104166666
CCGGGCTGCTCCATAC-1,237.9365234375,220.3056640625,237.236328125,20.43737753268538,28.185825323527357,18.210220146042552,231.826171875
CCTAAATTAACGGTTC-1,226.9140625,186.318359375,209.876953125,15.674123950674046,37.182933212810816,27.702565316077727,207.703125
CCTAACCCAAACAAGT-1,226.474609375,204.673828125,227.7763671875,13.74017190817357,15.488247138006257,9.016358185413518,219.6416015625
CCTAGGCGTAGCGATC-1,217.9169921875,180.955078125,217.8251953125,16.634863859994887,16.99022966001774,10.919436421296112,205.56575520833334
CGACAATTTGATCTAA-1,184.404296875,171.4091796875,214.6533203125,22.168271181169388,21.371334520119174,8.903668963229423,190.15559895833334
CGACACGCTCCGACAG-1,211.234375,197.12890625,225.142578125,27.035598458040003,24.485027798712235,10.656441695203492,211.16861979166666
CGAGGGACTGCGGTCG-1,214.26953125,198.93359375,219.3515625,28.58546002394003,29.852199137332594,19.99715403335169,210.8515625
CGAGTTTATCGGACTG-1,202.853515625,182.3193359375,219.2158203125,27.44867417932751,27.359166674471666,12.39815162756983,201.462890625
CGCACATGTCCACTAC-1,222.7919921875,185.8212890625,220.1796875,12.414893648857365,14.390694418210606,11.14608857525113,209.59765625
CGCATGGTGCGATGCT-1,232.205078125,214.0703125,223.16015625,12.961441223399753,22.114954850221686,18.872250792515075,223.14518229166666
CGCGGCTCAACTTGAA-1,193.8212890625,178.1396484375,215.4677734375,32.08107855829223,43.31877919709192,21.92567649067343,195.8095703125
CGGCAGGGTCGGGTTG-1,203.1435546875,194.974609375,222.91796875,34.22050362888011,41.38662671614059,21.75545705102569,207.01204427083334
CGGGAGCTTCAGTGTA-1,223.755859375,210.1162109375,229.306640625,17.718583686492117,16.666160598065332,9.007034731369675,221.0595703125
CGGGTGTACCCATTTA-1,199.9609375,189.0322265625,220.4619140625,41.374155456590216,41.09238277815208,22.25650612936282,203.15169270833334
CGGTACTAGAATCAAA-1,245.666015625,229.525390625,242.966796875,10.607328012381622,16.651158340072385,12.778723432036951,239.38606770833334
CGTCGGATAGTGTTGA-1,200.291015625,190.015625,221.9267578125,33.279816244700115,39.407622274876914,19.042907627105432,204.07779947916666
CGTGCAGACTGGGACA-1,227.8720703125,198.1943359375,219.65625,12.756977303913187,23.739066709348453,16.307440546802553,215.24088541666666
CTACCCTAAGGTCATA-1,192.96875,177.72265625,217.25390625,22.47213986945836,25.786594793988133,12.38107428158845,195.98177083333334
CTAGATTTACGACGGC-1,233.958984375,201.681640625,222.984375,15.682029591016141,32.41868154218104,23.80207592541825,219.54166666666666
CTAGGCGCCCTATCAG-1,208.8994140625,193.0263671875,223.5224609375,28.04127537500171,26.836132651872983,11.535250127599602,208.48274739583334
CTATCGACGAAATACA-1,153.2626953125,100.228515625,123.671875,38.02836542779995,56.00621240080542,69.50589952197853,125.72102864583333
CTGGAAGACACGGTGG-1,223.3271484375,198.90234375,223.724609375,16.917464085593362,19.054358773174076,11.925646104243665,215.31803385416666
CTGGCGCACAGGTCTG-1,209.357421875,173.3916015625,215.033203125,23.90972571942789,17.572949731867656,11.539033242758695,199.2607421875
CTGGCTGATTCATCCT-1,183.21484375,170.33203125,214.240234375,17.377662070545796,17.18423575181694,7.610058512920144,189.26236979166666
CTGGTAACACATAGAA-1,228.6689453125,199.2568359375,227.3544921875,9.816916425557686,10.505832278487436,7.834364363271692,218.4267578125
CTGGTTTCGAGCAAGA-1,227.41015625,203.4697265625,227.5537109375,16.25167462449904,19.41983375042078,11.802701206088074,219.47786458333334
CTGTGCAGGGTAGGTC-1,219.7275390625,164.671875,195.6171875,13.408871516650334,31.59308156439278,23.983187826889147,193.3388671875
CTGTGGTCGGGAGATA-1,197.9541015625,182.4521484375,218.5,26.090153995730557,24.02992225024805,11.270294195361538,199.63541666666666
CTTGAGTTAGGGTAAT-1,182.2724609375,163.4521484375,211.701171875,25.712559693174008,26.42866384681538,11.387208360775215,185.80859375
CTTTAGGAACACTGTT-1,228.306640625,201.1083984375,227.9443359375,12.367647549235045,15.306279596663833,9.868066550730493,219.11979166666666
CTTTAGTGCTATTATT-1,229.46484375,193.91015625,218.56640625,13.998002591015831,27.9449747826078,19.908812736699318,213.98046875
GAAACAGATGACCACC-1,202.826171875,184.5908203125,220.517578125,32.03372031013505,31.813137790004895,12.696797839791003,202.64485677083334
GAACGTCTCATGGTCG-1,178.0458984375,167.8046875,211.2314453125,17.4074237366112,16.648800441843964,9.740186741270508,185.69401041666666
GAAGTCTCCCTAGCGA-1,213.43359375,187.2236328125,221.2841796875,20.564102435067788,16.808834059139063,9.746609171538193,207.31380208333334
GAATAGACGCGACCCA-1,225.576171875,204.3818359375,228.0791015625,14.0357404630272,12.61965009437003,7.489093161412138,219.345703125
GAATCTGAACATTCTC-1,227.810546875,198.0625,216.65234375,14.453564050552643,27.822540322551426,20.314140183178708,214.17513020833334
GACAGCCAGACCTGAC-1,231.9296875,205.4462890625,230.0498046875,12.890120728773015,19.401620973135024,12.514696827354749,222.47526041666666
GAGCCAGCTACCTGTG-1,213.017578125,193.80859375,222.8271484375,28.041014944800438,28.91019372379682,13.575685025067475,209.88444010416666
GAGCGCGCACGAGTAG-1,202.2080078125,189.6875,222.296875,25.625775413876532,24.65080342250532,10.530913848492684,204.73079427083334
GAGTGTGCGGTACCCA-1,224.03125,196.9443359375,224.2314453125,16.34697625900582,20.65518215726131,13.469589136451853,215.06901041666666
GATAACTCGCACTGTG-1,224.8515625,192.1005859375,224.5546875,13.672203121062594,14.182289780098179,9.015228950356377,213.83561197916666
GATATGAGACACTAAC-1,232.78515625,219.08984375,236.5615234375,28.235109709156188,29.342530831552107,18.164776505413936,229.47884114583334
GATCCGGGAATTAACA-1,233.806640625,214.689453125,228.1953125,13.29053773938811,22.30766855284137,16.673945147365206,225.56380208333334
GATGCTGTATTTCATC-1,225.2060546875,183.7666015625,210.1005859375,16.2549728707328,33.15849158559347,24.241594863615664,206.35774739583334
GATTCGACGGTTCACG-1,228.7314453125,193.2265625,215.177734375,12.028089985210528,26.217119241224687,18.637465740865718,212.37858072916666
GCATGAGGGACGCGGC-1,184.4140625,172.0,215.1328125,13.152962679415378,11.047836326629753,5.947355102467293,190.515625
GCCTATAGTGTCAGGG-1,212.9150390625,204.65234375,228.064453125,35.458431984883354,43.547076654258156,21.606425957795004,215.21061197916666
GCCTCATCTGGAAATA-1,187.0986328125,175.4814453125,215.900390625,18.34252652664835,18.776534543774893,8.31507478002526,192.82682291666666
GCGCCGTTCCACGATA-1,231.1943359375,209.99609375,221.27734375,13.144417450229431,22.105481865166634,18.503252310589506,220.82259114583334
GCGCTTAAATAATTGG-1,197.2685546875,175.9814453125,212.728515625,39.543058358166,48.22239178831834,27.03481781627409,195.326171875
GCGTGGTACTGGGTTA-1,180.525390625,166.888671875,213.6015625,10.433257925555282,10.714025407081317,5.530935504830421,187.00520833333334
GCTACGACTTATTGGG-1,234.78515625,199.912109375,221.8779296875,14.940334928912602,33.40860448092732,25.474975105999732,218.8583984375
GCTACTATAGTAGAGT-1,188.3427734375,174.9033203125,216.875,16.745180233668567,16.529903912319785,7.786456591415636,193.37369791666666
GCTATACGTCTCGGAC-1,223.7080078125,202.9658203125,225.9013671875,18.563438905546004,18.4470791776493,11.421481187035171,217.52506510416666
GCTGCACGGTTTCTTA-1,230.7197265625,198.890625,220.5849609375,15.761050238252905,30.01109414007385,21.985671123804686,216.73177083333334
GCTGTTGCTACCGAAC-1,187.7353515625,169.841796875,213.0908203125,24.31951377530046,29.409427483312903,15.224124875779802,190.22265625
GCTTATGAAGCAGGAA-1,217.0205078125,191.9326171875,222.296875,18.170432534536058,16.864242826734902,9.843588788362453,210.41666666666666
GCTTTCAGAGGAGGTG-1,195.4130859375,186.9990234375,219.7080078125,30.980529808183395,36.41644169340033,18.78459554062687,200.70670572916666
GGAGACGACACCTTTG-1,237.146484375,210.6162109375,228.88671875,14.208479372469133,27.76024182654044,21.322277343388965,225.5498046875
GGATGAAGATCGCTGA-1,197.875,182.818359375,219.287109375,27.58095328981578,25.799524107691397,10.96289862818165,199.99348958333334
GGATGTCCTTACCGCA-1,197.1005859375,178.7939453125,217.3173828125,29.319606009148167,28.45259768287,12.129583967013444,197.7373046875
GGCGAAATCTAACTTG-1,225.4052734375,193.650390625,223.306640625,13.596257366582796,18.47556557415529,13.210056052193709,214.12076822916666
GGGATTTACCGCACCT-1,228.302734375,202.568359375,228.3525390625,12.942486672706808,14.881669160273978,9.095936882581784,219.7412109375
GGTGATAAGGAGCAGT-1,236.26171875,227.06640625,238.6484375,25.492221917594755,25.017132496250664,18.48482901756448,233.9921875
GGTTAGCTATATGTCT-1,230.49609375,203.638671875,228.041015625,13.103404271074405,19.94705659956085,12.943849488985332,220.72526041666666
GGTTTCAATCGGTCAG-1,192.4501953125,181.751953125,218.310546875,27.62216225457564,27.81132364249862,11.694819152660196,197.50423177083334
GTAAGTAACAGTCTGG-1,229.966796875,215.6435546875,235.0908203125,31.084450102543077,30.844001668504312,19.310642955591547,226.900390625
GTACGTTTGCCCGTCA-1,227.9375,186.09765625,211.4921875,14.96258354195558,33.6161151478251,24.808090317774234,208.50911458333334
GTAGCGGCTATACACT-1,238.4150390625,225.0654296875,233.5146484375,12.728252301046641,20.190707374148477,16.772948955782308,232.33170572916666
GTAGCTTCCTCTTGTT-1,185.2666015625,169.8203125,215.6005859375,10.00655145613975,8.408569469734061,4.539285939900377,190.22916666666666
GTATGTGGGTCTAGTT-1,205.8173828125,185.6015625,219.8310546875,28.7814849777653,26.219503071351177,12.85229234101389,203.75
GTCAAGCGGACTCGGG-1,232.9462890625,213.3583984375,229.8955078125,16.451160136072254,22.615577021104226,15.231027495551686,225.40006510416666
GTCCGGACCTGAAATT-1,210.30078125,193.99609375,222.447265625,29.07330711992787,29.022418334646254,14.172732965476113,208.91471354166666
GTCCTACGAATAGTCT-1,191.2705078125,143.9111328125,169.81640625,31.635343993481033,48.624366491353754,55.42322501857828,168.33268229166666
GTCGCGTAACCCGTTG-1,234.97265625,216.4296875,230.2841796875,13.464915143413862,21.842675615119678,16.42716832240762,227.22884114583334
GTCTATTGGTTCCGGT-1,227.8193359375,211.09375,230.2705078125,14.749390120748078,14.276325737475311,8.546750418192664,223.06119791666666
GTGACCGCACACTACG-1,203.7021484375,181.837890625,218.9052734375,30.975515710141394,28.485623598589818,13.124620958940374,201.48177083333334
GTGAGGACACTTAAGG-1,235.0380859375,211.466796875,229.828125,12.09199416551566,21.0635865607567,15.496715566834638,225.4443359375
GTGATCACTAACGCCT-1,183.6015625,165.390625,211.3984375,14.247376317539793,21.58069318533061,10.81924633736536,186.796875
GTGCCCGTTCGGATTC-1,237.7080078125,216.1396484375,235.8984375,16.558893897991464,24.715866422227723,16.687307978178918,229.91536458333334
GTGTTACTATGCGTCC-1,229.1533203125,196.818359375,219.8310546875,14.69723509522369,27.133355115214734,19.679308128561946,215.267578125
GTTCGTCTAAAGAACT-1,224.8662109375,206.9013671875,228.046875,18.51700735605663,17.52545687723428,10.562303529977493,219.93815104166666
GTTGGATTGAGAACAC-1,197.73828125,185.845703125,220.2900390625,26.32507603589966,25.94509717604398,11.048846553135043,201.29134114583334
GTTTCTGCAGTCTCCC-1,228.7958984375,199.345703125,219.2666015625,12.240922289177604,23.663114531890454,16.287463358957176,215.802734375
GTTTGGCCCAAGTTAT-1,244.11328125,227.96484375,242.1943359375,14.609261676532405,20.60692234209383,16.608848096899916,238.0908203125
TAAAGCGTTAGGAGAA-1,223.4736328125,216.6640625,233.4697265625,40.139907765170854,50.18154966963549,26.087537836943945,224.53580729166666
TAAGGCTGAATCCCTC-1,184.1884765625,164.958984375,210.6455078125,17.54499305422741,27.00286221344889,12.575021718728818,186.59765625
TACGACTGCCTCTTAG-1,228.91796875,190.9404296875,216.2646484375,15.276140166089844,32.48006248747635,23.317301790023407,212.041015625
TACTTGTTAGTAGTCC-1,222.3779296875,192.4541015625,223.0634765625,27.219462914223826,35.69606183927626,20.667117839420985,212.6318359375
TAGACGCCCGTACCGG-1,194.201171875,183.6259765625,219.1708984375,23.893778580976033,23.71427718497236,10.163943853719385,198.99934895833334
TAGCCATTTCAAAGTC-1,228.046875,205.1171875,228.900390625,15.46258557726925,16.673447310464738,10.31040887149545,220.68815104166666
TAGGGAGCTTGGGATG-1,190.8173828125,173.9169921875,215.984375,32.033656168556995,40.0537230091107,19.735698688781582,193.57291666666666
TAGGTGCTCGCCTAGC-1,234.642578125,210.8583984375,233.47265625,15.162504624179723,22.37998521134448,14.143559238902206,226.32454427083334
TAGTCGATCACGGGTT-1,188.3935546875,171.712890625,214.3369140625,16.242738685962006,23.022398864079893,11.562025524404872,191.48111979166666
TATTACCATCCTGCTT-1,215.998046875,203.0673828125,228.3662109375,36.207679985540395,46.80578588560478,24.0668760407693,215.810546875
TATTCCGAGCTGTTAT-1,231.5263671875,216.892578125,232.8837890625,21.14452888211093,22.04005106994472,14.461059338980162,227.10091145833334
TCCAGAGCACCGGTTC-1,228.623046875,199.8115234375,217.3408203125,11.948395555117546,22.862586796399224,16.87494368367158,215.25846354166666
TCCGTTTAGCCTTGAA-1,183.21875,172.150390625,213.515625,25.886678373006838,29.90285116272213,14.42815410436744,189.62825520833334
TCCTACATCCACGGCC-1,218.833984375,203.5859375,225.6376953125,39.19985572438062,41.203150923152634,25.839736405406992,216.01920572916666
TCCTCGGGCTGGGCTT-1,232.4423828125,207.1025390625,226.439453125,12.238459191610053,22.368108082226392,15.446045398448359,221.99479166666666
TCCTTACGACGGTCCG-1,187.08984375,164.9833984375,212.3857421875,15.734731387938783,22.77352659230938,11.59533479043545,188.15299479166666
TCGGGCCGTCGTGGTA-1,225.2333984375,192.2353515625,224.2041015625,11.513206486764343,14.72860870311683,9.49744737362019,213.89095052083334
TCTCATGAGATAGGGT-1,228.2890625,199.060546875,225.3740234375,15.299306736616982,24.7496891965521,15.065085003268342,217.57454427083334
TCTGAACTCGTACCCG-1,197.6103515625,184.6708984375,220.376953125,23.986273953193603,24.197230212858248,10.170638658243284,200.88606770833334
TCTGAATTCCGTACAA-1,186.0244140625,176.9658203125,216.0927734375,15.970993899599744,16.160444441953395,7.5756720594145595,193.02766927083334
TCTGCCAGAAACTGCA-1,233.333984375,209.154296875,229.2978515625,13.287968056187367,20.38759247310396,15.008010727915153,223.9287109375
TCTTACTTATGCCTCT-1,217.3876953125,204.92578125,227.9130859375,24.198178460003255,19.559513534394164,9.751165026971892,216.7421875
TCTTCGAATAGACGTT-1,232.021484375,210.86328125,224.92578125,14.545239480552764,24.968669027070675,18.69612988902111,222.603515625
TGACGATGCACTAGAA-1,183.2802734375,162.025390625,210.5263671875,25.938828307919614,30.509561447047417,14.95492211268328,185.27734375
TGAGAGATTTACCACG-1,221.03515625,201.3427734375,226.685546875,19.503173178692894,15.97405998198468,8.643026118332498,216.3544921875
TGCAGTTTCCTCCCAT-1,222.6298828125,196.466796875,225.376953125,16.507181367665925,16.529178482383514,9.171568675344078,214.82454427083334
TGCGTTTGTTGACACT-1,227.517578125,191.29296875,215.6083984375,14.50369307743795,29.905419093978995,21.349216168954484,211.47298177083334
TGCTAAGTGTCTATTT-1,216.4697265625,198.1298828125,221.7763671875,23.871831054487252,26.4786493734578,18.549284755150893,212.12532552083334
TGCTCCACAGTTCTTA-1,195.478515625,181.669921875,218.9560546875,28.0832246576427,25.573699288651934,10.857521085496877,198.70149739583334
TGGGCCCATACTAATT-1,227.888671875,202.373046875,226.927734375,10.721132597518976,12.97162980427104,8.37550443582017,219.06315104166666
TGTAGGAGAAATTTCC-1,230.5390625,216.2109375,232.080078125,19.359480616640877,20.929206321456476,14.448704850916448,226.27669270833334
TGTATGGCGCAGACAG-1,213.62109375,196.5087890625,224.63671875,27.557095990483305,24.879669805433117,11.267644989455357,211.5888671875
TGTGGCAAAGCGTATG-1,207.2119140625,199.4541015625,225.8515625,44.60040698656925,49.77702079859174,25.493784427455914,210.83919270833334
TGTTATTGTATGTGGC-1,226.8427734375,198.0556640625,223.669921875,17.142261103645122,26.827425681560392,18.134545805075916,216.189453125
TTACGGATGGTTCGAG-1,190.9306640625,185.765625,219.203125,18.633336985501845,17.82011213445008,8.42671475038612,198.63313802083334
TTAGAGTTTAGAAGGA-1,224.5908203125,211.0693359375,231.1923828125,35.14089322528438,35.66773857900541,21.67027189875463,222.2841796875
TTAGCTGATTTGCCGT-1,187.4501953125,168.8974609375,213.1162109375,24.212629467761303,24.530677409687684,11.185019404565438,189.8212890625
TTAGTTATTCGTGGCA-1,219.6220703125,203.0634765625,226.384765625,24.843233902087025,24.127770121553155,12.140309372656793,216.35677083333334
TTATCCGGGATCTATA-1,229.724609375,210.7646484375,230.3349609375,22.597539011553053,26.648908724458657,16.99954354851474,223.60807291666666
TTCAATACTCTGAATC-1,230.3134765625,201.90234375,227.29296875,19.790513579926703,32.765714180478895,20.797012569393793,219.83626302083334
TTCCGGTTACCCACTT-1,221.705078125,196.99609375,224.3251953125,23.62683800707675,22.018901334789867,13.55892485860247,214.34212239583334
TTCTAACCGAAGCTTA-1,212.171875,196.5859375,224.1552734375,29.082213576073865,27.761512911242676,12.443478130012803,210.97102864583334
TTCTGCGGGTTAGCGG-1,220.7021484375,195.76953125,222.158203125,21.526105047342316,18.501784367467735,11.909832593124063,212.87662760416666
TTGAGAAGTTTAGCAT-1,210.4345703125,195.974609375,222.380859375,40.32322551372836,39.1309068504828,22.385242611181916,209.5966796875
TTGTGAACCTAATCCG-1,197.2119140625,177.158203125,213.7890625,30.775983284334146,38.92117398372305,21.19299425213657,196.05305989583334
